"region","juris","AC_mean_score"
"Alaska","AK",1.5
"Midwest","IA",1
"Midwest","IL",1.5
"Midwest","IN",0.5
"Midwest","MI",1.5
"Midwest","MN",2
"Midwest","MO",1.5
"Midwest","OH",2
"Midwest","WI",1.5
"North Central","CO",1.5
"North Central","KS",1.5
"North Central","MT",2
"North Central","ND",1
"North Central","NE",1
"North Central","SD",1
"North Central","WY",1.5
"Northeast","CT",1.5
"Northeast","DC",2
"Northeast","DE",1
"Northeast","KY",1
"Northeast","MA",2
"Northeast","MD",2
"Northeast","ME",1.5
"Northeast","NH",1.5
"Northeast","NJ",2
"Northeast","NY",1.5
"Northeast","PA",1
"Northeast","RI",1
"Northeast","VA",1.5
"Northeast","VT",2
"Northeast","WV",0.5
"Northwest","ID",1.5
"Northwest","OR",1.5
"Northwest","WA",1.5
"Pacific Islands","ASM",0.5
"Pacific Islands","CNMI",1
"Pacific Islands","FSM",1
"Pacific Islands","GU",0.5
"Pacific Islands","HI",2
"Pacific Islands","PW",1
"Pacific Islands","RMI",1
"South Central","LA",1
"South Central","NM",1.5
"South Central","OK",1.5
"South Central","TX",1
"Southeast","AL",0.5
"Southeast","AR",1
"Southeast","FL",1.5
"Southeast","GA",1
"Southeast","MS",2
"Southeast","NC",1.5
"Southeast","PR",1
"Southeast","SC",1.5
"Southeast","TN",2
"Southeast","VI",0.5
"Southwest","AZ",2
"Southwest","CA",2
"Southwest","NV",2
"Southwest","UT",1.5
