"doc_type","year","region","juris","quote"
"SWAP",2025,"Alaska","AK","assisting species with low dispersal capabilities in colonizing newly available suitable habitats that develop as a result of climate change."
"SWAP",2015,"Southeast","AL","Critical habitats-those areas in which targeted species can persist and/or relocate over time-may provide a refuge from climate change impacts and become high-priority candidates for acquisition and enhanced conservation efforts. Research can be conducted to identify structurally diverse and species-rich habitats as well as important movement corridors."
"SWAP",2025,"Southeast","AR","The comparison of these two methods supports focusing climate adaptation strategies on the conservation of amphibians and aquatic species. SARP already considers identification and remediation of anthropogenic barriers to aquatic organism passage a priority conservation action, and this can also be an important climate adaptation strategy to support the resilience of fish and other species that rely on aquatic connectivity."
"SWAP",2022,"Southwest","AZ","Identify populations that could benefit from assisted migrations and/or translocation."
"SWAP",2022,"Southwest","AZ","Identify and improve the connectivity of natural landscapes to better link wildlife populations and allow for range shifts."
"SWAP",2025,"Southwest","CA","Act to facilitate species' and systems' ability to shift in space, tracking suitable climate conditions across the landscape, as appropriate (N)"
"SWAP",2025,"Southwest","CA","Identify, prioritize, protect, and manage wildlife corridors necessary to complete regional protected area networks across the entire region to facilitate the movement of native species whose distributions are projected to shift with climate change, and to provide 'refuge' areas, which may allow species to persist as the climate changes"
"SWAP",2025,"Pacific Islands","CNMI","In partnership with Pacific Bird Conservation, DFW successfully translocated several SGCN forest birds to the Northern Islands in an effort to create redundant populations. Redundant populations will provide some insurance for our bird species in the event of an accidental brown tree snake invasion (BTS, Boiga irregular) on Saipan or Tinian."
"SWAP",2025,"Pacific Islands","CNMI","Several SGCN avian species have been translocated to the Northern islands in an effort to establish redundant populations (DFW MAC Plan). The next phase of translocations include our ESA listed species."
"SWAP",2015,"North Central","CO","While there are many uncertainties about how climate change will affect certain habitats, an overall management strategy that maintains a larger intact landscape, and thereby increases the ability of the given species to adjust their range, should be incorporated in the overall conservation of the species."
"SWAP",2025,"Northeast","CT","regional connectivity, which allows species to track suitable climate conditions, maintain genetic diversity, and avoid population fragmentation. Protecting corridors and habitat linkages supports natural range shifts, reducing the risk of isolated populations trapped in unsuitable environments"
"SWAP",2025,"Northeast","CT","piloting assisted migration in select cases"
"SWAP",2015,"Northeast","DC","The District's Focal Conservation Actions include restoring meadows and tidal wetlands, propagating native plants, creating vernal pools, installing artificial nesting and roosting structures, establishing a trustee for natural resources, expanding the Citizen Science Program, and identifying wildlife corridors."
"SWAP",2015,"Northeast","DE","the strategy of introducing species to areas outside their historical range to secure their future under climate change is a controversial adaptation action. Referred to as 'managed relocation,' 'assisted migration,' or 'assisted colonization,' there has been considerable debate in the literature concerning the implementation of this methodology"
"SWAP",2019,"Southeast","FL","Action T11.2: Identify, restore, and/or conserve likely future migration corridors for habitats and species in the face of climate change and sea level rise."
"SWAP",2019,"Southeast","FL","Adapting development practices to changing sea levels and assisting inland migration of intertidal habitats may be required to conserve SGCN endemic to intertidal habitats in the future."
"SWAP",2015,"Southeast","GA","wildlife corridors allow species to migrate further inland as sea level rise inundates salt marshes and estuaries, or northward or to higher elevations as temperatures rise. Managing for habitat connectivity addresses the limitations of static protected areas and promotes species and ecological resilience"
"SWAP",2025,"Pacific Islands","HI","Conduct translocations of species outside of their historical ranges when recovery potential within their range is reduced due to, but limited to, climate change, predator load, or degradation of habitat, etc."
"SWAP",2025,"Pacific Islands","HI","Establish new colonies on high islands that are less vulnerable to climate change."
"SWAP",2023,"Northwest","ID","Facilitate SGCN movements to habitat with favorable climates (e.g., northward, higher elevation)."
"SWAP",2023,"Northwest","ID","Identify, develop, prioritize, and implement feasible and practical actions to offset negative effects of changing climate conditions on fish SGCN (e.g., cold-water reservoir releases, trap and transport, and conservation relocation)."
"SWAP",2022,"Midwest","IL","Develop resiliency and connectedness into habitats so species can adjust to landscape and environmental changes"
"SWAP",2022,"Midwest","IL","connect habitats via corridors and buffer strips where possible to facilitate movement of less mobile groups (herps, inverts, small mammals etc.)"
"SWAP",2023,"Northeast","KY","Action 2b. Remove aquatic barriers for dispersal including dams and improperly constructed culverts, where applicable."
"SWAP",2025,"South Central","LA","h Action Strategy: Establish and protect habitat corridors to provide critical habitat for SGCN to mitigate impacts from climactic shifts. h Action Strategy: Acquire property to increase and support critical habitat to mitigate future impacts from climate change."
"SWAP",2015,"Northeast","MA","DFW is researching the potential for assisted migration of common tree species within the state on the basis of climate changes."
"SWAP",2015,"Northeast","MA","Populations imperiled by climate change should be evaluated to determine if translocation is recommended."
"SWAP",2015,"Northeast","MA","Protect salt marshes supporting populations of SGCN animals and plants, with particular emphasis on adjacent uplands buffering salt marshes, to provide for potential upslope salt marsh under climate change."
"SWAP",2025,"Northeast","MD","Habitat connectivity is particularly important with regards to climate change because it allows species to adapt to the changing environment around them, facilitating necessary movements such as migration and range shifts. To capture this connectivity, the Maryland Habitat Connectivity Network (HCN) data...was created."
"SWAP",2025,"Northeast","ME","Facilitate the persistence and range migration of SGCN in Maine in the face of a changing climate by ensuring landscape connectivity (both terrestrial and aquatic) through reducing habitat fragmentation and promoting the voluntary conservation of diverse and resilient landscapes and watersheds."
"SWAP",2025,"Northeast","ME","Secure opportunities for inland marsh migration. Collaborate with landowners and municipalities to preserve adjacent uplands and remove barriers to inland marsh migration, reducing the impacts of coastal squeeze and maintaining marsh function in the face of sea-level rise."
"SWAP",2025,"Midwest","MI","KBB4. Investigate experimental lupine populations in northern Michigan for assisted migration planning."
"SWAP",2025,"Midwest","MI","PT2. Investigate potential assisted migration sites and plans (Vitt et al. 2024)."
"SWAP",2015,"Midwest","MN","The Wildlife Action Network will facilitate adaptation to these changes by identifying core areas large enough to contain a diversity of ecotones and habitats to allow for local shifts (e.g., dry to mesic prairie), and connections to allow for species movements and the flow of energy and materials."
"SWAP",2015,"Midwest","MN","Develop strategies for sustaining or restoring terrestrial and aquatic connections among conservation lands within the Wildlife Action Network, where appropriate."
"SWAP",2015,"Midwest","MO","Missouri's approach also promotes connectivity within and among habitat systems by prioritizing those areas that are larger, more intact, nearer to other conservation areas, and/or where there is more opportunity to expand conservation action. Improving connectivity will facilitate range adjustments that may occur in many species adapting to climate change."
"SWAP",2025,"Southeast","MS","Working with tribal representatives and stakeholders such as local, state, or federal agencies, Joint Venture Partnerships, NGOs identify and conserve tracts of land that would maintain or restore habitat connectivity (i.e. corridors) and allow for the shifting range of habitats due to climate change."
"SWAP",2025,"Southeast","MS","Significant urbanization along the Gulf Coast could inhibit the inland migration of coastal wetland habitats and species as sea levels rise"
"SWAP",2025,"North Central","MT","Explore opportunities to introduce Bull Trout into novel habitats that are predicted to remain suitable long-term in the face of climate change. Explore reintroductions into areas where limiting factors have been corrected."
"SWAP",2025,"North Central","MT","connectivity maintains genetic diversity by preventing populations from becoming isolated and allows species to shift their ranges to track suitable conditions in response to changing environmental conditions"
"SWAP",2025,"Southeast","NC","Protect potential migration corridors and preserve connectivity that allows for species and ecosystem migration."
"SWAP",2025,"Southeast","NC","Protect conservation corridors that run from shorelines inland to facilitate habitat migration"
"SWAP",2025,"Southeast","NC","Allow barrier islands to migrate, as it increases their chance of survival and reduces the chance of sudden and drastic changes in tidal regime in the estuaries."
"SWAP",2025,"North Central","ND","provide habitat connectivity to ease species shifts"
"SWAP",2025,"North Central","ND","Area's that are most resilient are comprised of healthy native communities and restoring areas adjacent to these parcels can expand and/or connect these areas of refugia and will likely have much greater benefits than restorations done in areas surrounded by least resilient lands."
"SWAP",2025,"North Central","NE","Restore and maintain habitat and landscape connectivity: Conservation planning must prioritize connectivity to enable species relocation. For specific actions to reduce habitat fragmentation and enhance movement corridors, refer to the Habitat Fragmentation section."
"SWAP",2025,"North Central","NE","Use prairie, woodland and wetland restoration to reduce fragmentation and create migration corridors."
"SWAP",2025,"Northeast","NH","In the face of a changing climate, conserved lands enable species to adapt to shifting conditions and help maintain ecological connectivity."
"SWAP",2025,"Northeast","NH","2.1.1 -Develop local, state, and regional conservation and recovery planning materials for priority species that consider climate resiliency."
"SWAP",2025,"South Central","NM","Direct systems toward desired future conditions where change is unavoidable (e.g., assist organisms in moving to areas with more suitable conditions, plant species that are better adapted to hotter and drier conditions when restoring disturbed sites)."
"SWAP",2022,"Southwest","NV","Facilitate the movement of species that are expected to be adapted to future conditions and fire regimes."
"SWAP",2022,"Southwest","NV","Maintain functional connectivity among presently intact Mojave Warm Desert and Mojave Mid-elevation Mixed Scrub habitats and account for northward extensions of these key habitats into other regions."
"SWAP",2025,"Northeast","NY","The SWAP recommends actions to foster regional habitat connectivity, which could facilitate natural recolonization of New York by these extirpated large carnivores as conditions permit."
"SWAP",2025,"Northeast","NY","Action: Restore and maintain natural habitats in linkage areas between large blocks of habitat for SGCN. Measure: Number of acres of viable habitat in identified linkage areas"
"SWAP",2015,"Midwest","OH","Efforts to re-establish or enhance species populations (e.g., American burying beetle, Karner blue butterfly, lake sturgeon), protect and improve habitat (e.g., conservation easements, invasive species control, water quality improvements), or improve habitat connectivity (e.g., dam removals, connecting fragmented habitats) are all actions that can help mitigate the impacts of climate change."
"SWAP",2025,"South Central","OK","Increase habitat connectivity. Greater connectivity between tracts of habitat increases dispersal of both plant and animal species and connects neighboring populations in a metapopulational fashion. Connectivity reduces the isolation of populations and helps to maintain the genetic diversity that helps populations adapt to change. Habitat connectivity also assists in movement of populations across the landscape and allows them to track changes and shift their range."
"SWAP",2025,"Northwest","OR","Improving the connectivity of natural landscapes to better link fish and wildlife populations, allow animals to access habitats that meet their specific needs, and allow for range shifts"
"SWAP",2025,"Northwest","OR","Looking for opportunities to protect species and habitats in their likely future locations"
"SWAP",2015,"Southeast","PR","By prioritizing the creation of habitat corridors and ""softening"" the mosaic of fragmented habitat found on the island, we expect to protect and adapt the landscape in order to facilitate the projected changes in species ranges caused by climate change."
"SWAP",2015,"Southeast","PR","these revised document includes the development and improvement of biological corridors as a new national priority (e.g. Figure 25). These actions are of utmost importance in order to adapt to the changes and threats caused by climate change, which are expected to force changes in the current habitat use and distribution of Puerto Rico's Wildlife."
"SWAP",2025,"Northeast","RI","Corridors connect natural core areas and smaller habitats on the landscape and allow for the movement of both migrating species and species within their ranges. They also allow for the movement of habitat types, populations, and gene flow among populations and locations as species shift in response to climate change."
"SWAP",2025,"Southeast","SC","Land managers have the option of resisting change and instead returning the current ecosystem to its historic state through species reintroductions or augmentations (through breeding programs or translocations), accepting that changes are occurring and allowing the transformation to progress, or actively directing change to a new state using techniques like assisted migration of animals or planting tree species to establish them in areas that are already transitioning to support such species (Handler et al. 2018)."
"SWAP",2025,"North Central","SD","These species may not be able to persist in their current locations. However, if similar shifts in restoration practices are followed in neighboring states or provinces, these species may be able to use new areas representing favorable plant communities in future locations under climate change."
"SWAP",2025,"North Central","SD","Address climate change by helping land managers with water development projects to alleviate the implications of drought and other abiotic factors."
"SWAP",2015,"Southeast","TN","Strategy 1.4: Conserve, restore, and as appropriate and practicable, establish new ecological connections among conservation areas to facilitate fish, wildlife, and plant migration, range shifts, and other transitions caused by climate change."
"SWAP",2015,"Southeast","TN","Maintain or establish corridors to facilitate migration routes for species and/or populations, and to facilitate gene flow."
"SWAP",2023,"South Central","TX","The best hedge against the uncertainty about exactly how climate change will manifest itself in Texas and its effects on species and habitats is improving connectivity between habitat patches and giving species room to disperse over large areas."
"SWAP",2023,"South Central","TX","establishing ecological corridors through habitat restoration and conservation."
"SWAP",2025,"Southwest","UT","Assist wildlife or plant migration in anticipation of climate change. Establish nurseries, refuge populations, hatcheries, etc., to support management."
"SWAP",2025,"Northeast","VA","The DWR is taking a small step in this arena in its proposed translocation of eastern tiger salamanders to a DWR-owned property in southeastern Virginia, outside of the known range of the species in the Commonwealth."
"SWAP",2025,"Northeast","VA","Since 2008, Virginia has been a leader in working to develop strategies that address the changing environment within the updated Wildlife Action Plan, including land acquisitions that allow for marsh migration and developing living shorelines that can withstand increased storm impacts."
"SWAP",2015,NA,"VI","1.2 Conserve, restore, and establish new ecological connections among conservation areas to facilitate species migrations, range shifts, and other transitions."
"SWAP",2015,NA,"VI","Commonly applied adaptation mechanisms include establishing migration corridors, which in the USVI can be achieved by protecting forested corridors and riparian gut systems that connect habitat patches. Buffering wetlands and mangroves with woodland habitat allows for upland migration, while planting seagrape trees behind beach dunes can protect from upland erosion, and allows for dune migration."
"SWAP",2015,"Northeast","VT","3. To address the uncertainty of assisted migration as a climate change strategy, the ANR Lands Team is reviewing options, impacts and management guidelines for state lands."
"SWAP",2015,"Northeast","VT","Plan for species restoration through assisted migration and provide guidance and advice to independent efforts to restore or introduce new populations of SGCN."
"SWAP",2025,"Northwest","WA","Protect refugia and movement corridors spanning elevational or landscape gradients, allowing species to move in response to changes."
"SWAP",2025,"Northwest","WA","Climate corridors are distinct from traditional wildlife corridors because they are explicitly designed to connect habitats along a climate gradient allowing altitudinal and latitudinal range shifts."
"SWAP",2025,"Midwest","WI","Create corridors and connect habitats when feasible. Implement best management practices (BMPs) to ameliorate the effects of climate change and to manage invasive species. Research efficacy of assisted migration and develop guidelines/policy."
"SWAP",2015,"Northeast","WV","Implement a comprehensive plan to enhance climate change resiliency through reducing other stressors (such as invasive species), identifying, maintaining and creating key habitat cores and corridors, and protecting areas of high landscape complexity and integrity."
"SWAP",2017,"North Central","WY","Climate corridors are explicitly designed to connect habitats along a climate gradient allowing altitudinal and latitudinal range shifts."
"SWAP",2017,"North Central","WY","Increasing the overall amount and connectivity of habitat, including migration corridors, transitional areas, and refugia, is a strategy that will build ecosystem health and species resilience to a variety of stressors. Porous landscapes, or those that are easily traversed by fish and terrestrial wildlife, will allow some species to adjust to changing environmental conditions through population movement."
"FAP",2020,"Alaska","AK","Ecological niches for displaced flora and fauna may develop naturally or through assisted migration."
"FAP",2020,"Southwest","AZ","Though assisted migration is a controversial approach in conservation, climate change presents challenges to species and ecosystems that have not been encountered before. The speed of observed changes due to climate change in species habitat and life cycles is forcing changes in conservation biology thinking and practice. Many species cannot shift habitat ranges fast enough to deal with current and future rates of climate change, so land managers should begin to experiment with pilot approaches to assist migration to avoid species decline and possible extinction."
"FAP",2020,"Southwest","AZ","Increase habitat connectivity so wildlife are more capable of moving and shifting their permanent and seasonal habitats, to areas more similar in temperature/precipitation to their historical ranges. Landscape connectivity as a climate change adaptation strategy is being pursued in several regions across the nation and we can clearly see the benefits of connecting landscapes for improving ecosystem resiliency."
"FAP",2020,"Southwest","CA","Make sure genetic material from threatened southern populations of conifers is conserved for possible assisted migration."
"FAP",2020,"Southwest","CA","Implement seed collection focused on southern populations of key tree species for likely future use in planting zones to the north."
"FAP",2020,"North Central","CO","Facilitate shifts in the geographic and elevation ranges of species, in anticipation of future conditions."
"FAP",2020,"North Central","CO","Establish corridors and minimize barriers to allow for wildlife movement to new suitable habitats 2. Prepare suitable habitat in anticipation of future introduction, reintroduction or natural range shift of a species 3. Conserve leading-edge populations (high altitude, northern, etc.)"
"FAP",2020,"Northeast","CT","Reverse the fragmentation process through identification and protection of properties that will create or expand existing core forests or connected forested corridors."
"FAP",2020,"Northeast","DE","Consideration can then be given to methods to move low-lying riparian forest buffers inland as sea level slowly rises to ensure these buffers are not lost."
"FAP",2020,"Southeast","FL","Enhancing forest heterogeneity at the landscape scale with a variety of size classes and species will facilitate desirable species migration as climate change or ecosystem-wide changes occurs. This could include underplanting thinned stands with adapted species or genotypes when advanced regeneration is unacceptable for future conditions or deploying a mixture of seedlings including some provenances adapted to more stressful environments."
"FAP",2020,"Northeast","MA","Research feasibility of augmenting forests via assisted migration"
"FAP",2020,"Northeast","MA","community groups are working to ensure wildlife can cross these highways and create a continuous path of connected land from the northern to southern border of Massachusetts (Staying Connected Initiative 2020)."
"FAP",2020,"Northeast","MD","Consider assisted migration of southern species in parts of the landscape where conditions are changing most rapidly and have the greatest stresses."
"FAP",2020,"Northeast","MD","Conserve migration corridors and geologically complex portions of the landscape with more options for short distances between varied sites."
"FAP",2020,"Northeast","ME","Actions that can improve forest resiliency include, but are not limited to: frequent monitoring of conditions, control of invasive species, planting tree species adapted to likely future conditions, maintaining a diversity of species across one's ownership"
"FAP",2020,"Midwest","MI","One of our largest challenges is developing and security of forested landscape connections and corridors that permit northward movement of plant and animal species. Additional federal funding would help to address this issue through fee acquisition the establishment of conservation easements."
"FAP",2020,"Midwest","MN","This could be accomplished by increasing the geographic size of seed collection zones for assisted migration of tree species. The state nursery could partner with universities and private industry to collect seed, grow, and distribute additional species from disparate locations to address plant material condition changes occurring with climate change."
"FAP",2020,"Midwest","MN","Minnesota DNR's objective is to minimize environmental stresses amplified by climate change. This includes preserving dispersal corridors linking current and future suitable habitats, retaining high quality, large block forests to maintain ecosystem resilience"
"CCS",2022,"Midwest","MO","Improving connectivity will facilitate potential range adjustments that may occur in many species adapting to climate change."
"CCS",2022,"Midwest","MO","Riparian areas are important migration corridors, which may become increasingly important as species adjust ranges under increased climate stress"
"FAP",2020,"North Central","MT","Connectivity habitats are recognized in the Assessment of Need and National Core Criteria as priorities for the program, which would help assure the ability of plants and animals to shift their range as climates change."
"FAP",2020,"Northeast","NH","Identify large forest blocks suitable for forest management, providing landscape resiliency, watershed protection, opportunities for species to migrate and other ecosystem services using the most recent available science and tools."
"FAP",2020,"Northeast","NJ","If tree species cannot adapt fast enough to changing climate conditions, forest and land managers need to consider the integration of proxy species to ensure that forests remain as forests and that essential ecologic and economic functions remain relatively consistent."
"FAP",2020,"Northeast","NJ","The strategy of identifying southerly species (or other future-adapted species) that could act as native species proxies for ecologic and economic roles has also been identified as a climate change adaptation and mitigation plan action by the Pennsylvania Department of Conservation and Natural Resources (2018) and several other states across the country."
"FAP",2020,"Northeast","NY","Strive to maintain connectivity among forested habitats to allow movement of wildlife, including their migration in response to climate change, and also maintain the health of the habitat itself. Similarly, establish connections to improve the ability of tree or other plant species in isolated or fragmented landscapes to migrate in response to climate change."
"FAP",2020,"Northeast","NY","Work to increase connectivity of vulnerable forests where connections would benefit the migration of species while continuing to isolate areas where invasive species pose a threat."
"FAP",2020,"Midwest","OH","Also presented for each of the four 1 x 1° blocks is a list of species that could be considered for proactive, assisted migration while considering the potential future climate under RCP 8.5 (Table 15) along with the model reliability (MR) and adaptability (Adap) of the species."
"FAP",2020,"South Central","OK","As a native species adapted to droughty sites, with the ability to sprout following fire, shortleaf may be better able to provide forest cover under changing climate conditions in the western fringes of the pine range. Shortleaf pine management, combined with prescribed burning, may improve wildlife habitat, restore habitat for the Red-Cockaded Woodpecker on some sites"
"FAP",2020,"Northwest","OR","Identify species better suited to new normal climatic conditions for assisted migration."
"FAP",2020,"Northeast","PA","In certain instances, it may be appropriate to implement assisted migration strategies for certain tree species. Such strategies must be approached thoughtfully and following appropriate science-based recommendations and monitoring."
"FAP",2020,"Northeast","PA","This will necessitate changes in land conservation priorities to create an interconnected system of habitats that allow species to move north and to higher elevations in response to climate change."
"FAP",2020,"Northeast","RI","DFE will also need to explore funding and partnerships to initiate efforts that will benefit Rhode Island, based on good science, such as planting and protection of seedlings, assisted migration, demonstration sites, and financial assistance."
"FAP",2020,"Northeast","RI","One method is to encourage the planting of a variety of forest tree species that will be suited to the changing climate patterns. This can assist the migration of such species, avoiding interruptions caused by fragmentation and development, and speeding up the very slow movement of trees beyond their existing ranges."
"FAP",2020,"Southeast","TN","Managing for resilient lands also requires considering key connected climate corridors and flow zones where the movement of plant and animal species is likely to become concentrated."
"FAP",2020,"Southeast","TN","One of the largest TNC land deals in the Eastern U.S., Cumberland Forest employed private impact investment capital and sought to demonstrate how sustainable forestry and forest carbon storage practices may yield a financial return on investments while conserving part of the country's most critical climate change adaptation corridors."
"FAP",2020,"Northeast","VA","VDOF will continue its efforts to restore shortleaf and longleaf pine to the landscape. Both of these species are drier-condition species that will fare better if some of the potential impacts of climate change are realized."
"FAP",2025,"Northwest","WA","Some species may no longer be suitable for particular locations, necessitating shifts in species selection or seed sources (i.e. assisted migration)."
"FAP",2025,"Northwest","WA","Favoring site-appropriate or drought-tolerant species and seed zones during planting and regeneration."
"FAP",2020,"Midwest","WI","Promote landscape connectivity for more resilient and adapted ecosystems, by reducing fragmentation and creating corridors through reforestation, afforestation, or restoration."
