doc_id,passed,n_errors,errors
AK_SWAP_2025,FALSE,13,"/document_meta: must have required property 'page_count' | /coding_meta/notes: must be string,null | /concepts/climate_vulnerability/absence_note: must be string,null | /concepts/adaptive_capacity_specificity/absence_note: must be string,null | /concepts/connectivity/absence_note: must be string,null | /tools/vulnerability_models/absence_note: must be string,null | /tools/niche_models/absence_note: must be string,null | /context/biological_unit_score/absence_note: must be string,null | /context/partnerships_and_funding/absence_note: must be string,null | /context/climate_threat_habitat_degradation/absence_note: must be string,null | /context/climate_threat_species_vital_rates/absence_note: must be string,null | /context/climate_threat_biotic_stressors/absence_note: must be string,null | /actions/priority_habitat_identification/absence_note: must be string,null"
AL_SWAP_2015,FALSE,3,"/coding_meta/notes: must be string,null | /context/biological_unit_score/absence_note: must be string,null | /context/climate_threat_habitat_degradation/absence_note: must be string,null"
AR_SWAP_2025_draft,FALSE,13,"/coding_meta/notes: must be string,null | /concepts/climate_vulnerability/absence_note: must be string,null | /concepts/adaptive_capacity_specificity/absence_note: must be string,null | /concepts/connectivity/absence_note: must be string,null | /tools/vulnerability_models/absence_note: must be string,null | /tools/niche_models/absence_note: must be string,null | /tools/climate_models/absence_note: must be string,null | /context/biological_unit_score/absence_note: must be string,null | /context/partnerships_and_funding/absence_note: must be string,null | /context/climate_threat_habitat_degradation/absence_note: must be string,null | /context/climate_threat_biotic_stressors/absence_note: must be string,null | /actions/priority_habitat_identification/absence_note: must be string,null | /actions/time_bound_and_monitoring/absence_note: must be string,null"
AZ_SWAP_2022,FALSE,9,"/coding_meta/notes: must be string,null | /concepts/connectivity/absence_note: must be string,null | /tools/niche_models/absence_note: must be string,null | /context/biological_unit_score/absence_note: must be string,null | /context/climate_threat_habitat_degradation/absence_note: must be string,null | /context/climate_threat_species_vital_rates/absence_note: must be string,null | /context/climate_threat_biotic_stressors/absence_note: must be string,null | /actions/priority_habitat_identification/absence_note: must be string,null | /actions/targeted_range_shift_actions/absence_note: must be string,null"
AmericanSamoa_CWCS_2018,FALSE,5,"/coding_meta/notes: must be string,null | /context/biological_unit_score/absence_note: must be string,null | /context/climate_threat_habitat_degradation/absence_note: must be string,null | /context/climate_threat_species_vital_rates/absence_note: must be string,null | /context/climate_threat_biotic_stressors/absence_note: must be string,null"
CA_SWAP_2025,FALSE,16,"/coding_meta/notes: must be string,null | /concepts/climate_vulnerability/absence_note: must be string,null | /concepts/adaptive_capacity_specificity/absence_note: must be string,null | /concepts/connectivity/absence_note: must be string,null | /tools/vulnerability_models/absence_note: must be string,null | /tools/niche_models/absence_note: must be string,null | /tools/climate_models/absence_note: must be string,null | /tools/connectivity_models/absence_note: must be string,null | /context/biological_unit_score/absence_note: must be string,null | /context/partnerships_and_funding/absence_note: must be string,null | /context/climate_threat_habitat_degradation/absence_note: must be string,null | /context/climate_threat_species_vital_rates/absence_note: must be string,null | /context/climate_threat_biotic_stressors/absence_note: must be string,null | /actions/priority_habitat_identification/absence_note: must be string,null | /actions/targeted_range_shift_actions/absence_note: must be string,null | /actions/adaptation_planning_frameworks/absence_note: must be string,null"
CNMI_SWAP_2025_draft,FALSE,8,"/coding_meta/notes: must be string,null | /concepts/climate_vulnerability/absence_note: must be string,null | /concepts/adaptive_capacity_specificity/absence_note: must be string,null | /tools/vulnerability_models/absence_note: must be string,null | /context/biological_unit_score/absence_note: must be string,null | /context/partnerships_and_funding/absence_note: must be string,null | /context/climate_threat_habitat_degradation/absence_note: must be string,null | /context/climate_threat_species_vital_rates/absence_note: must be string,null"
CO_SWAP_2015,FALSE,11,"/coding_meta/notes: must be string,null | /concepts/climate_vulnerability/absence_note: must be string,null | /concepts/adaptive_capacity_specificity/absence_note: must be string,null | /tools/vulnerability_models/absence_note: must be string,null | /tools/niche_models/absence_note: must be string,null | /tools/climate_models/absence_note: must be string,null | /context/biological_unit_score/absence_note: must be string,null | /context/climate_threat_habitat_degradation/absence_note: must be string,null | /context/climate_threat_species_vital_rates/absence_note: must be string,null | /context/climate_threat_biotic_stressors/absence_note: must be string,null | /actions/priority_habitat_identification/absence_note: must be string,null"
CT_SWAP_2025,FALSE,19,"/document_meta: must have required property 'page_count' | /coding_meta/notes: must be string,null | /concepts/climate_vulnerability/absence_note: must be string,null | /concepts/adaptive_capacity_specificity/absence_note: must be string,null | /concepts/connectivity/absence_note: must be string,null | /tools/vulnerability_models/absence_note: must be string,null | /tools/niche_models/absence_note: must be string,null | /tools/climate_models/absence_note: must be string,null | /tools/connectivity_models/absence_note: must be string,null | /context/biological_unit_score/absence_note: must be string,null | /context/partnerships_and_funding/absence_note: must be string,null | /context/climate_threat_habitat_degradation/absence_note: must be string,null | /context/climate_threat_species_vital_rates/absence_note: must be string,null | /context/climate_threat_biotic_stressors/absence_note: must be string,null | /actions/priority_habitat_identification/absence_note: must be string,null | /actions/targeted_range_shift_actions/absence_note: must be string,null | /actions/time_bound_and_monitoring/absence_note: must be string,null | /actions/evidence_of_efficacy/absence_note: must be string,null | /actions/adaptation_planning_frameworks/absence_note: must be string,null"
DC_SWAP_2015,FALSE,12,"/coding_meta/notes: must be string,null | /concepts/climate_vulnerability/absence_note: must be string,null | /concepts/adaptive_capacity_specificity/absence_note: must be string,null | /tools/vulnerability_models/absence_note: must be string,null | /tools/climate_models/absence_note: must be string,null | /context/biological_unit_score/absence_note: must be string,null | /context/climate_threat_habitat_degradation/absence_note: must be string,null | /context/climate_threat_species_vital_rates/absence_note: must be string,null | /context/climate_threat_biotic_stressors/absence_note: must be string,null | /actions/priority_habitat_identification/absence_note: must be string,null | /actions/evidence_of_efficacy/absence_note: must be string,null | /actions/adaptation_planning_frameworks/absence_note: must be string,null"
DE_SWAP_2015,FALSE,7,"/coding_meta/notes: must be string,null | /concepts/climate_vulnerability/absence_note: must be string,null | /concepts/adaptive_capacity_specificity/absence_note: must be string,null | /concepts/connectivity/absence_note: must be string,null | /context/biological_unit_score/absence_note: must be string,null | /context/climate_threat_habitat_degradation/absence_note: must be string,null | /context/climate_threat_biotic_stressors/absence_note: must be string,null"
FL_SWAP_2019,FALSE,12,"/coding_meta/notes: must be string,null | /concepts/climate_vulnerability/absence_note: must be string,null | /concepts/adaptive_capacity_specificity/absence_note: must be string,null | /concepts/connectivity/absence_note: must be string,null | /tools/vulnerability_models/absence_note: must be string,null | /context/biological_unit_score/absence_note: must be string,null | /context/partnerships_and_funding/absence_note: must be string,null | /context/climate_threat_habitat_degradation/absence_note: must be string,null | /context/climate_threat_species_vital_rates/absence_note: must be string,null | /context/climate_threat_biotic_stressors/absence_note: must be string,null | /actions/targeted_range_shift_actions/absence_note: must be string,null | /actions/time_bound_and_monitoring/absence_note: must be string,null"
GA_SWAP_2015,FALSE,7,"/coding_meta/notes: must be string,null | /concepts/climate_vulnerability/absence_note: must be string,null | /concepts/connectivity/absence_note: must be string,null | /context/biological_unit_score/absence_note: must be string,null | /context/climate_threat_habitat_degradation/absence_note: must be string,null | /context/climate_threat_biotic_stressors/absence_note: must be string,null | /actions/priority_habitat_identification/absence_note: must be string,null"
GU_SWAP_2025_draft,FALSE,5,"/coding_meta/notes: must be string,null | /context/biological_unit_score/absence_note: must be string,null | /context/partnerships_and_funding/absence_note: must be string,null | /context/climate_threat_habitat_degradation/absence_note: must be string,null | /context/climate_threat_species_vital_rates/absence_note: must be string,null"
HI_SWAP_2025,FALSE,9,"/coding_meta/notes: must be string,null | /concepts/climate_vulnerability/absence_note: must be string,null | /concepts/adaptive_capacity_specificity/absence_note: must be string,null | /context/biological_unit_score/absence_note: must be string,null | /context/climate_threat_habitat_degradation/absence_note: must be string,null | /context/climate_threat_species_vital_rates/absence_note: must be string,null | /context/climate_threat_biotic_stressors/absence_note: must be string,null | /actions/priority_habitat_identification/absence_note: must be string,null | /actions/targeted_range_shift_actions/absence_note: must be string,null"
IA_SWAP_2025_draft,FALSE,4,"/coding_meta/notes: must be string,null | /context/biological_unit_score/absence_note: must be string,null | /context/climate_threat_habitat_degradation/absence_note: must be string,null | /context/climate_threat_biotic_stressors/absence_note: must be string,null"
ID_SWAP_2023,FALSE,6,"/coding_meta/notes: must be string,null | /context/biological_unit_score/absence_note: must be string,null | /context/climate_threat_habitat_degradation/absence_note: must be string,null | /context/climate_threat_species_vital_rates/absence_note: must be string,null | /context/climate_threat_biotic_stressors/absence_note: must be string,null | /actions/targeted_range_shift_actions/absence_note: must be string,null"
IL_SWAP_2022,FALSE,7,"/coding_meta/notes: must be string,null | /concepts/climate_vulnerability/absence_note: must be string,null | /concepts/adaptive_capacity_specificity/absence_note: must be string,null | /tools/vulnerability_models/absence_note: must be string,null | /context/biological_unit_score/absence_note: must be string,null | /context/climate_threat_habitat_degradation/absence_note: must be string,null | /context/climate_threat_biotic_stressors/absence_note: must be string,null"
IN_SWAP_2015,FALSE,3,"/coding_meta/notes: must be string,null | /context/biological_unit_score/absence_note: must be string,null | /context/climate_threat_habitat_degradation/absence_note: must be string,null"
KS_SWAP_2022,FALSE,7,"/coding_meta/notes: must be string,null | /concepts/climate_vulnerability/absence_note: must be string,null | /concepts/adaptive_capacity_specificity/absence_note: must be string,null | /tools/vulnerability_models/absence_note: must be string,null | /context/biological_unit_score/absence_note: must be string,null | /context/climate_threat_habitat_degradation/absence_note: must be string,null | /context/climate_threat_biotic_stressors/absence_note: must be string,null"
KY_SWAP_2023,FALSE,10,"/coding_meta/notes: must be string,null | /concepts/climate_vulnerability/absence_note: must be string,null | /concepts/connectivity/absence_note: must be string,null | /context/biological_unit_score/absence_note: must be string,null | /context/partnerships_and_funding/absence_note: must be string,null | /context/climate_threat_habitat_degradation/absence_note: must be string,null | /context/climate_threat_species_vital_rates/absence_note: must be string,null | /context/climate_threat_biotic_stressors/absence_note: must be string,null | /actions/priority_habitat_identification/absence_note: must be string,null | /actions/evidence_of_efficacy/absence_note: must be string,null"
LA_SWAP_2025,FALSE,14,"/coding_meta/notes: must be string,null | /concepts/climate_vulnerability/absence_note: must be string,null | /concepts/adaptive_capacity_specificity/absence_note: must be string,null | /concepts/connectivity/absence_note: must be string,null | /tools/vulnerability_models/absence_note: must be string,null | /tools/climate_models/absence_note: must be string,null | /tools/connectivity_models/absence_note: must be string,null | /context/biological_unit_score/absence_note: must be string,null | /context/partnerships_and_funding/absence_note: must be string,null | /context/climate_threat_habitat_degradation/absence_note: must be string,null | /context/climate_threat_species_vital_rates/absence_note: must be string,null | /context/climate_threat_biotic_stressors/absence_note: must be string,null | /actions/priority_habitat_identification/absence_note: must be string,null | /actions/adaptation_planning_frameworks/absence_note: must be string,null"
MA_SWAP_2015,FALSE,13,"/coding_meta/notes: must be string,null | /concepts/climate_vulnerability/absence_note: must be string,null | /concepts/adaptive_capacity_specificity/absence_note: must be string,null | /concepts/connectivity/absence_note: must be string,null | /tools/vulnerability_models/absence_note: must be string,null | /context/biological_unit_score/absence_note: must be string,null | /context/partnerships_and_funding/absence_note: must be string,null | /context/climate_threat_habitat_degradation/absence_note: must be string,null | /context/climate_threat_species_vital_rates/absence_note: must be string,null | /context/climate_threat_biotic_stressors/absence_note: must be string,null | /actions/priority_habitat_identification/absence_note: must be string,null | /actions/targeted_range_shift_actions/absence_note: must be string,null | /actions/adaptation_planning_frameworks/absence_note: must be string,null"
MD_SWAP_2025_draft,FALSE,12,"/coding_meta/notes: must be string,null | /concepts/climate_vulnerability/absence_note: must be string,null | /concepts/adaptive_capacity_specificity/absence_note: must be string,null | /concepts/connectivity/absence_note: must be string,null | /tools/niche_models/absence_note: must be string,null | /tools/connectivity_models/absence_note: must be string,null | /context/biological_unit_score/absence_note: must be string,null | /context/partnerships_and_funding/absence_note: must be string,null | /context/climate_threat_habitat_degradation/absence_note: must be string,null | /context/climate_threat_species_vital_rates/absence_note: must be string,null | /context/climate_threat_biotic_stressors/absence_note: must be string,null | /actions/priority_habitat_identification/absence_note: must be string,null"
ME_SWAP_2025,FALSE,11,"/coding_meta/notes: must be string,null | /concepts/climate_vulnerability/absence_note: must be string,null | /concepts/adaptive_capacity_specificity/absence_note: must be string,null | /concepts/connectivity/absence_note: must be string,null | /context/biological_unit_score/absence_note: must be string,null | /context/partnerships_and_funding/absence_note: must be string,null | /context/climate_threat_habitat_degradation/absence_note: must be string,null | /context/climate_threat_biotic_stressors/absence_note: must be string,null | /actions/priority_habitat_identification/absence_note: must be string,null | /actions/targeted_range_shift_actions/absence_note: must be string,null | /actions/time_bound_and_monitoring/absence_note: must be string,null"
MI_SWAP_2025_draft,FALSE,15,"/coding_meta/notes: must be string,null | /concepts/climate_vulnerability/absence_note: must be string,null | /concepts/adaptive_capacity_specificity/absence_note: must be string,null | /tools/vulnerability_models/absence_note: must be string,null | /tools/niche_models/absence_note: must be string,null | /context/biological_unit_score/absence_note: must be string,null | /context/partnerships_and_funding/absence_note: must be string,null | /context/climate_threat_habitat_degradation/absence_note: must be string,null | /context/climate_threat_species_vital_rates/absence_note: must be string,null | /context/climate_threat_biotic_stressors/absence_note: must be string,null | /actions/priority_habitat_identification/absence_note: must be string,null | /actions/targeted_range_shift_actions/absence_note: must be string,null | /actions/time_bound_and_monitoring/absence_note: must be string,null | /actions/evidence_of_efficacy/absence_note: must be string,null | /actions/adaptation_planning_frameworks/absence_note: must be string,null"
MN_SWAP_2015,FALSE,7,"/coding_meta/notes: must be string,null | /concepts/climate_vulnerability/absence_note: must be string,null | /concepts/adaptive_capacity_specificity/absence_note: must be string,null | /concepts/connectivity/absence_note: must be string,null | /context/biological_unit_score/absence_note: must be string,null | /context/climate_threat_habitat_degradation/absence_note: must be string,null | /context/climate_threat_biotic_stressors/absence_note: must be string,null"
MO_SWAP_2015,FALSE,5,"/coding_meta/notes: must be string,null | /concepts/connectivity/absence_note: must be string,null | /context/biological_unit_score/absence_note: must be string,null | /context/climate_threat_habitat_degradation/absence_note: must be string,null | /context/climate_threat_biotic_stressors/absence_note: must be string,null"
MS_SWAP_2025_draft,FALSE,15,"/coding_meta/notes: must be string,null | /concepts/climate_vulnerability/absence_note: must be string,null | /concepts/adaptive_capacity_specificity/absence_note: must be string,null | /concepts/connectivity/absence_note: must be string,null | /tools/vulnerability_models/absence_note: must be string,null | /tools/niche_models/absence_note: must be string,null | /tools/climate_models/absence_note: must be string,null | /tools/connectivity_models/absence_note: must be string,null | /context/biological_unit_score/absence_note: must be string,null | /context/partnerships_and_funding/absence_note: must be string,null | /context/climate_threat_habitat_degradation/absence_note: must be string,null | /context/climate_threat_species_vital_rates/absence_note: must be string,null | /context/climate_threat_biotic_stressors/absence_note: must be string,null | /actions/priority_habitat_identification/absence_note: must be string,null | /actions/adaptation_planning_frameworks/absence_note: must be string,null"
MT_SWAP_2025_draft,FALSE,6,"/coding_meta/notes: must be string,null | /concepts/connectivity/absence_note: must be string,null | /context/biological_unit_score/absence_note: must be string,null | /context/climate_threat_habitat_degradation/absence_note: must be string,null | /context/climate_threat_species_vital_rates/absence_note: must be string,null | /context/climate_threat_biotic_stressors/absence_note: must be string,null"
NC_SWAP_2025,FALSE,8,"/coding_meta/notes: must be string,null | /concepts/climate_vulnerability/absence_note: must be string,null | /concepts/connectivity/absence_note: must be string,null | /context/biological_unit_score/absence_note: must be string,null | /context/partnerships_and_funding/absence_note: must be string,null | /context/climate_threat_habitat_degradation/absence_note: must be string,null | /context/climate_threat_biotic_stressors/absence_note: must be string,null | /actions/priority_habitat_identification/absence_note: must be string,null"
ND_SWAP_2025,FALSE,10,"/coding_meta/notes: must be string,null | /concepts/climate_vulnerability/absence_note: must be string,null | /concepts/adaptive_capacity_specificity/absence_note: must be string,null | /concepts/connectivity/absence_note: must be string,null | /tools/climate_models/absence_note: must be string,null | /context/biological_unit_score/absence_note: must be string,null | /context/partnerships_and_funding/absence_note: must be string,null | /context/climate_threat_habitat_degradation/absence_note: must be string,null | /context/climate_threat_biotic_stressors/absence_note: must be string,null | /actions/priority_habitat_identification/absence_note: must be string,null"
NE_SWAP_2025,FALSE,4,"/coding_meta/notes: must be string,null | /context/biological_unit_score/absence_note: must be string,null | /context/climate_threat_habitat_degradation/absence_note: must be string,null | /context/climate_threat_biotic_stressors/absence_note: must be string,null"
NH_SWAP_2025,FALSE,4,"/coding_meta/notes: must be string,null | /context/biological_unit_score/absence_note: must be string,null | /context/climate_threat_biotic_stressors/absence_note: must be string,null | /actions/priority_habitat_identification/absence_note: must be string,null"
NM_SWAP_2025,FALSE,16,"/coding_meta/notes: must be string,null | /concepts/climate_vulnerability/absence_note: must be string,null | /concepts/adaptive_capacity_specificity/absence_note: must be string,null | /concepts/connectivity/absence_note: must be string,null | /tools/vulnerability_models/absence_note: must be string,null | /tools/niche_models/absence_note: must be string,null | /tools/climate_models/absence_note: must be string,null | /context/biological_unit_score/absence_note: must be string,null | /context/partnerships_and_funding/absence_note: must be string,null | /context/climate_threat_habitat_degradation/absence_note: must be string,null | /context/climate_threat_species_vital_rates/absence_note: must be string,null | /context/climate_threat_biotic_stressors/absence_note: must be string,null | /actions/priority_habitat_identification/absence_note: must be string,null | /actions/targeted_range_shift_actions/absence_note: must be string,null | /actions/evidence_of_efficacy/absence_note: must be string,null | /actions/adaptation_planning_frameworks/absence_note: must be string,null"
NV_SWAP_2022,FALSE,13,"/coding_meta/notes: must be string,null | /concepts/climate_vulnerability/absence_note: must be string,null | /concepts/adaptive_capacity_specificity/absence_note: must be string,null | /concepts/connectivity/absence_note: must be string,null | /tools/vulnerability_models/absence_note: must be string,null | /tools/climate_models/absence_note: must be string,null | /context/biological_unit_score/absence_note: must be string,null | /context/partnerships_and_funding/absence_note: must be string,null | /context/climate_threat_habitat_degradation/absence_note: must be string,null | /context/climate_threat_biotic_stressors/absence_note: must be string,null | /actions/priority_habitat_identification/absence_note: must be string,null | /actions/time_bound_and_monitoring/absence_note: must be string,null | /actions/adaptation_planning_frameworks/absence_note: must be string,null"
NY_SWAP_2025_draft,FALSE,5,"/coding_meta/notes: must be string,null | /context/biological_unit_score/absence_note: must be string,null | /context/partnerships_and_funding/absence_note: must be string,null | /context/climate_threat_habitat_degradation/absence_note: must be string,null | /context/climate_threat_biotic_stressors/absence_note: must be string,null"
OH_SWAP_2015,FALSE,8,"/coding_meta/notes: must be string,null | /concepts/climate_vulnerability/absence_note: must be string,null | /concepts/adaptive_capacity_specificity/absence_note: must be string,null | /concepts/connectivity/absence_note: must be string,null | /context/biological_unit_score/absence_note: must be string,null | /context/climate_threat_habitat_degradation/absence_note: must be string,null | /context/climate_threat_biotic_stressors/absence_note: must be string,null | /actions/time_bound_and_monitoring/absence_note: must be string,null"
OK_SWAP_2025,FALSE,8,"/coding_meta/notes: must be string,null | /concepts/adaptive_capacity_specificity/absence_note: must be string,null | /concepts/connectivity/absence_note: must be string,null | /tools/climate_models/absence_note: must be string,null | /tools/connectivity_models/absence_note: must be string,null | /context/biological_unit_score/absence_note: must be string,null | /context/climate_threat_habitat_degradation/absence_note: must be string,null | /actions/priority_habitat_identification/absence_note: must be string,null"
OR_SWAP_2025_draft,FALSE,13,"/coding_meta/notes: must be string,null | /concepts/climate_vulnerability/absence_note: must be string,null | /concepts/adaptive_capacity_specificity/absence_note: must be string,null | /concepts/connectivity/absence_note: must be string,null | /tools/climate_models/absence_note: must be string,null | /tools/connectivity_models/absence_note: must be string,null | /context/biological_unit_score/absence_note: must be string,null | /context/climate_threat_habitat_degradation/absence_note: must be string,null | /context/climate_threat_species_vital_rates/absence_note: must be string,null | /context/climate_threat_biotic_stressors/absence_note: must be string,null | /actions/priority_habitat_identification/absence_note: must be string,null | /actions/targeted_range_shift_actions/absence_note: must be string,null | /actions/adaptation_planning_frameworks/absence_note: must be string,null"
PA_SWAP_2015,FALSE,2,"/coding_meta/notes: must be string,null | /context/biological_unit_score/absence_note: must be string,null"
PR_SWAP_2015,FALSE,5,"/coding_meta/notes: must be string,null | /concepts/connectivity/absence_note: must be string,null | /context/biological_unit_score/absence_note: must be string,null | /context/climate_threat_habitat_degradation/absence_note: must be string,null | /context/climate_threat_biotic_stressors/absence_note: must be string,null"
RI_SWAP_2025_draft,FALSE,6,"/coding_meta/notes: must be string,null | /concepts/connectivity/absence_note: must be string,null | /context/biological_unit_score/absence_note: must be string,null | /context/climate_threat_habitat_degradation/absence_note: must be string,null | /context/climate_threat_biotic_stressors/absence_note: must be string,null | /actions/priority_habitat_identification/absence_note: must be string,null"
SC_SWAP_2025,FALSE,14,"/coding_meta/notes: must be string,null | /concepts/climate_vulnerability/absence_note: must be string,null | /concepts/adaptive_capacity_specificity/absence_note: must be string,null | /concepts/connectivity/absence_note: must be string,null | /tools/vulnerability_models/absence_note: must be string,null | /tools/niche_models/absence_note: must be string,null | /tools/climate_models/absence_note: must be string,null | /tools/connectivity_models/absence_note: must be string,null | /context/biological_unit_score/absence_note: must be string,null | /context/climate_threat_habitat_degradation/absence_note: must be string,null | /context/climate_threat_biotic_stressors/absence_note: must be string,null | /actions/priority_habitat_identification/absence_note: must be string,null | /actions/targeted_range_shift_actions/absence_note: must be string,null | /actions/adaptation_planning_frameworks/absence_note: must be string,null"
SD_SWAP_2025,FALSE,10,"/coding_meta/notes: must be string,null | /concepts/climate_vulnerability/absence_note: must be string,null | /concepts/adaptive_capacity_specificity/absence_note: must be string,null | /tools/vulnerability_models/absence_note: must be string,null | /tools/climate_models/absence_note: must be string,null | /context/biological_unit_score/absence_note: must be string,null | /context/partnerships_and_funding/absence_note: must be string,null | /context/climate_threat_habitat_degradation/absence_note: must be string,null | /context/climate_threat_biotic_stressors/absence_note: must be string,null | /actions/priority_habitat_identification/absence_note: must be string,null"
TN_SWAP_2015,FALSE,14,"/coding_meta/notes: must be string,null | /concepts/climate_vulnerability/absence_note: must be string,null | /concepts/adaptive_capacity_specificity/absence_note: must be string,null | /concepts/connectivity/absence_note: must be string,null | /tools/vulnerability_models/absence_note: must be string,null | /context/biological_unit_score/absence_note: must be string,null | /context/partnerships_and_funding/absence_note: must be string,null | /context/climate_threat_habitat_degradation/absence_note: must be string,null | /context/climate_threat_species_vital_rates/absence_note: must be string,null | /context/climate_threat_biotic_stressors/absence_note: must be string,null | /actions/priority_habitat_identification/absence_note: must be string,null | /actions/targeted_range_shift_actions/absence_note: must be string,null | /actions/time_bound_and_monitoring/absence_note: must be string,null | /actions/adaptation_planning_frameworks/absence_note: must be string,null"
TX_SWAP_2023,FALSE,8,"/coding_meta/notes: must be string,null | /concepts/connectivity/absence_note: must be string,null | /tools/niche_models/absence_note: must be string,null | /tools/connectivity_models/absence_note: must be string,null | /context/biological_unit_score/absence_note: must be string,null | /context/climate_threat_habitat_degradation/absence_note: must be string,null | /context/climate_threat_biotic_stressors/absence_note: must be string,null | /actions/priority_habitat_identification/absence_note: must be string,null"
UT_SWAP_2025,FALSE,14,"/coding_meta/notes: must be string,null | /concepts/climate_vulnerability/absence_note: must be string,null | /concepts/adaptive_capacity_specificity/absence_note: must be string,null | /concepts/connectivity/absence_note: must be string,null | /tools/niche_models/absence_note: must be string,null | /tools/climate_models/absence_note: must be string,null | /tools/connectivity_models/absence_note: must be string,null | /context/biological_unit_score/absence_note: must be string,null | /context/partnerships_and_funding/absence_note: must be string,null | /context/climate_threat_habitat_degradation/absence_note: must be string,null | /context/climate_threat_biotic_stressors/absence_note: must be string,null | /actions/priority_habitat_identification/absence_note: must be string,null | /actions/time_bound_and_monitoring/absence_note: must be string,null | /actions/adaptation_planning_frameworks/absence_note: must be string,null"
VA_SWAP_2025,FALSE,12,"/coding_meta/notes: must be string,null | /concepts/climate_vulnerability/absence_note: must be string,null | /concepts/adaptive_capacity_specificity/absence_note: must be string,null | /concepts/connectivity/absence_note: must be string,null | /tools/vulnerability_models/absence_note: must be string,null | /context/biological_unit_score/absence_note: must be string,null | /context/partnerships_and_funding/absence_note: must be string,null | /context/climate_threat_habitat_degradation/absence_note: must be string,null | /context/climate_threat_biotic_stressors/absence_note: must be string,null | /actions/priority_habitat_identification/absence_note: must be string,null | /actions/targeted_range_shift_actions/absence_note: must be string,null | /actions/time_bound_and_monitoring/absence_note: must be string,null"
VI_SWAP_2015,FALSE,8,"/coding_meta/notes: must be string,null | /concepts/connectivity/absence_note: must be string,null | /context/biological_unit_score/absence_note: must be string,null | /context/climate_threat_habitat_degradation/absence_note: must be string,null | /context/climate_threat_species_vital_rates/absence_note: must be string,null | /context/climate_threat_biotic_stressors/absence_note: must be string,null | /actions/targeted_range_shift_actions/absence_note: must be string,null | /actions/adaptation_planning_frameworks/absence_note: must be string,null"
VT_SWAP_2015,FALSE,13,"/coding_meta/notes: must be string,null | /concepts/climate_vulnerability/absence_note: must be string,null | /concepts/adaptive_capacity_specificity/absence_note: must be string,null | /concepts/connectivity/absence_note: must be string,null | /tools/vulnerability_models/absence_note: must be string,null | /context/biological_unit_score/absence_note: must be string,null | /context/partnerships_and_funding/absence_note: must be string,null | /context/climate_threat_habitat_degradation/absence_note: must be string,null | /context/climate_threat_species_vital_rates/absence_note: must be string,null | /context/climate_threat_biotic_stressors/absence_note: must be string,null | /actions/priority_habitat_identification/absence_note: must be string,null | /actions/time_bound_and_monitoring/absence_note: must be string,null | /actions/adaptation_planning_frameworks/absence_note: must be string,null"
WA_SWAP_2025,FALSE,9,"/coding_meta/notes: must be string,null | /concepts/climate_vulnerability/absence_note: must be string,null | /concepts/adaptive_capacity_specificity/absence_note: must be string,null | /concepts/connectivity/absence_note: must be string,null | /context/biological_unit_score/absence_note: must be string,null | /context/climate_threat_habitat_degradation/absence_note: must be string,null | /context/climate_threat_species_vital_rates/absence_note: must be string,null | /actions/priority_habitat_identification/absence_note: must be string,null | /actions/targeted_range_shift_actions/absence_note: must be string,null"
WI_SWAP_2025_draft,FALSE,10,"/coding_meta/notes: must be string,null | /concepts/climate_vulnerability/absence_note: must be string,null | /concepts/adaptive_capacity_specificity/absence_note: must be string,null | /concepts/connectivity/absence_note: must be string,null | /tools/vulnerability_models/absence_note: must be string,null | /context/biological_unit_score/absence_note: must be string,null | /context/climate_threat_habitat_degradation/absence_note: must be string,null | /context/climate_threat_species_vital_rates/absence_note: must be string,null | /context/climate_threat_biotic_stressors/absence_note: must be string,null | /actions/priority_habitat_identification/absence_note: must be string,null"
WV_SWAP_2015,FALSE,9,"/coding_meta/notes: must be string,null | /concepts/connectivity/absence_note: must be string,null | /tools/vulnerability_models/absence_note: must be string,null | /context/biological_unit_score/absence_note: must be string,null | /context/climate_threat_habitat_degradation/absence_note: must be string,null | /context/climate_threat_species_vital_rates/absence_note: must be string,null | /context/climate_threat_biotic_stressors/absence_note: must be string,null | /actions/priority_habitat_identification/absence_note: must be string,null | /actions/targeted_range_shift_actions/absence_note: must be string,null"
WY_SWAP_2017,FALSE,11,"/coding_meta/notes: must be string,null | /concepts/climate_vulnerability/absence_note: must be string,null | /concepts/adaptive_capacity_specificity/absence_note: must be string,null | /concepts/connectivity/absence_note: must be string,null | /tools/vulnerability_models/absence_note: must be string,null | /context/biological_unit_score/absence_note: must be string,null | /context/climate_threat_habitat_degradation/absence_note: must be string,null | /context/climate_threat_species_vital_rates/absence_note: must be string,null | /context/climate_threat_biotic_stressors/absence_note: must be string,null | /actions/priority_habitat_identification/absence_note: must be string,null | /actions/adaptation_planning_frameworks/absence_note: must be string,null"
