doc_id,n_scores,n_checklist,n_evidence,status
AK_FAP_2020,17,31,42,ok
AL_FAP_2020,17,31,19,ok
AR_FAP_2020,17,31,24,ok
ASM_FAP_2020,17,31,27,ok
AZ_FAP_2020,17,31,48,ok
CA_FAP_2020,17,31,55,ok
CNMI_FAP_2020,17,31,25,ok
CO_FAP_2020,17,31,39,ok
CT_FAP_2020,17,31,36,ok
DE_FAP_2020,17,31,22,ok
FL_FAP_2020,17,31,44,ok
FSM_FAP_2020,17,31,43,ok
GA_FAP_2020,17,31,24,ok
GU_FAP_2020,17,31,16,ok
HI_FAP_2016,17,31,44,ok
IA_FAP_2020,17,31,35,ok
ID_FAP_2020,17,31,37,ok
IL_FAP_2020,17,31,44,ok
IN_FAP_2020,17,31,34,ok
KS_FAP_2020,17,31,50,ok
KY_FAP_2020,17,31,21,ok
LA_FAP_2020,17,31,27,ok
MA_FAP_2020,17,31,54,ok
MD_FAP_2020,17,31,48,ok
ME_FAP_2020,17,31,33,ok
MI_FAP_2020,17,31,40,ok
MN_FAP_2020,17,31,58,ok
MO_CCS_2022,17,31,59,ok
MT_FAP_2020,17,31,42,ok
NC_FAP_2020,17,31,36,ok
ND_FAP_2020,17,31,25,ok
NH_FAP_2020,17,31,35,ok
NJ_FAP_2020,17,31,55,ok
NM_FAP_2020,17,31,42,ok
NV_FAP_2020,17,31,60,ok
NY_FAP_2020,17,31,49,ok
OH_FAP_2020,17,31,51,ok
OK_FAP_2020,17,31,35,ok
OR_FAP_2020,17,31,35,ok
PA_FAP_2020,17,31,40,ok
PR_FAP_2020,17,31,35,ok
PW_FAP_2020,17,31,29,ok
RI_FAP_2020,17,31,49,ok
RMI_FAP_2020,17,31,31,ok
SC_FAP_2020,17,31,42,ok
SD_FAP_2020,17,31,15,ok
TN_FAP_2020,17,31,50,ok
TX_FAP_2020,17,31,33,ok
USVI_FAP_2010,17,31,31,ok
UT_FAP_2020,17,31,40,ok
VA_FAP_2020,17,31,30,ok
WA_FAP_2025,17,31,53,ok
WI_FAP_2020,17,31,39,ok
WV_FAP_2020,17,31,15,ok
WY_FAP_2020,17,31,38,ok
